Workbook

Sheet Portada
B3: SISTEMA FOTOVOLTAICO ON-GRID
B6: Diseño conectado a red
B8: Esta hoja calcula automáticamente el sistema fotovoltaico conectado a red: demanda, potencia FV, número de módulos, strings por temperatura, selección preliminar del inversor, protecciones DC/AC, SPD, conductores y resumen ejecutivo.
C14: Uso | E14: Ejercicios guiados
C16: Entradas | E16: Celdas amarillas con texto azul
C18: Resultados | E18: Celdas verdes
C20: Advertencias | E20: Celdas naranjas/rojas
C22: Metodología | E22: Diseño académico con verificaciones térmicas y eléctricas
B26: Flujo sugerido: 1) diligenciar Inputs 2) cargar consumos mensuales 3) revisar datos del módulo e inversor 4) verificar strings por temperatura 5) revisar protecciones DC/AC y SPD 6) validar conductores 7) revisar Resumen final.

Sheet Inputs
A1: DATOS DE ENTRADA DEL PROYECTO ON-GRID
A3: Parámetro | B3: Valor | C3: Unidad | D3: Observación | F3: MÓDULO FV E INVERSOR
A4: Nombre del proyecto | B4: Caso docente ON-GRID | C4: - | D4: Editable | F4: Variable | G4: Valor | H4: Unidad | I4: Comentario
A5: Ubicación | B5: La Guajira | C5: - | D5: Editable | F5: Potencia módulo Pmpp | G5: 630 | H5: W | I5: Editable
A6: Tipo de usuario | B6: Residencial | C6: - | D6: Editable | F6: Vmpp módulo | G6: 41.02 | H6: V | I6: Editable
A7: Tensión red AC | B7: 220 | C7: Vac | D7: Monofásico o fase-fase | F7: Voc módulo | G7: 49.48 | H7: V | I7: Editable
A8: Factor de potencia asumido | B8: 1 | C8: - | D8: Editable | F8: Impp módulo | G8: 15.36 | H8: A | I8: Editable
A9: Compensación objetivo | B9: 1 | C9: fracción | D9: 0.80 = 80% | F9: Isc módulo | G9: 16.2 | H9: A | I9: Editable
A10: Performance Ratio (PR) | B10: 0.8 | C10: fracción | D10: Editable | F10: βVoc (magnitud) | G10: 0.0028 | H10: 1/°C | I10: Usar valor absoluto
A11: Temperatura mínima sitio | B11: 10 | C11: °C | D11: Para verificación Voc | F11: βVmpp (magnitud) | G11: 0.003 | H11: 1/°C | I11: Usar valor absoluto
A12: Temperatura máxima sitio | B12: 45 | C12: °C | D12: Para verificación Vmpp | F12: Potencia inversor AC | G12: 10 | H12: kW | I12: Editable
F13: Rango MPPT mínimo | G13: 200 | H13: V | I13: Editable
F14: Rango MPPT máximo | G14: 800 | H14: V | I14: Editable
A15: CRITERIOS ELÉCTRICOS | F15: Voltaje máximo FV - DC | G15: 800 | H15: V | I15: Editable
A16: Variable | B16: Valor | C16: Unidad | D16: Comentario | F16: N° de MPPT | G16: 4 | H16: unid | I16: Editable
A17: Caída de tensión máx. DC | B17: 0.02 | C17: fracción | D17: 2% | F17: Corriente máx. por MPPT | G17: 32 | H17: A | I17: Editable
A18: Caída de tensión máx. AC | B18: 0.03 | C18: fracción | D18: 3%
A19: Factor protección DC | B19: 1.25 | C19: fracción | D19: I_prot ≥ 1.25 I | F19: ARREGLO ADOPTADO
A20: Factor protección AC | B20: 1.25 | C20: fracción | D20: I_breaker ≥ 1.25 Iac | F20: Variable | G20: Valor | H20: Unidad | I20: Comentario
A21: Factor SPD DC | B21: 1.2 | C21: fracción | D21: Uc ≥ 1.2 Voc_string | F21: Módulos en serie adoptados | G21: 9 | H21: unid | I21: Editable; verificar en hoja Cálculos
A22: Factor SPD AC | B22: 1.1 | C22: fracción | D22: Uc ≥ 1.1 Vac
A24: Notas: esta plantilla usa un criterio didáctico. Las verificaciones normativas definitivas deben contrastarse con IEC/NEC y la regulación local. Las celdas amarillas son entradas del usuario.

Sheet Cargas
A1: REGISTRO DE CARGAS Y DEMANDA
A3: Tipo | B3: Descripción | C3: Cantidad | D3: Potencia (W) | E3: Horas/día | F3: Energía (Wh/día) | G3: Factor pico | H3: Potencia pico (W) | I3: Observación | K3: RESUMEN AUTOMÁTICO
A4: AC | B4: Luminarias LED | C4: 8 | D4: 9 | E4: 5 | F4: =IF(OR(C4="",D4="",E4=""),"",C4*D4*E4) -> 360 | G4: 1 | H4: =IF(OR(C4="",D4="",G4=""),"",C4*D4*G4) -> 72 | K4: Variable | L4: Resultado | M4: Unidad | N4: Comentario
A5: AC | B5: Televisor LED | C5: 1 | D5: 80 | E5: 4 | F5: =IF(OR(C5="",D5="",E5=""),"",C5*D5*E5) -> 320 | G5: 1 | H5: =IF(OR(C5="",D5="",G5=""),"",C5*D5*G5) -> 80 | K5: Consumo total DC | L5: =SUMIF($A$4:$A$23,"DC",$F$4:$F$23) -> 0 | M5: Wh/día
A6: AC | B6: Portátiles | C6: 2 | D6: 65 | E6: 3 | F6: =IF(OR(C6="",D6="",E6=""),"",C6*D6*E6) -> 390 | G6: 1 | H6: =IF(OR(C6="",D6="",G6=""),"",C6*D6*G6) -> 130 | K6: Consumo total AC | L6: =SUMIF($A$4:$A$23,"AC",$F$4:$F$23) -> 2625 | M6: Wh/día
A7: AC | B7: Router / comunicaciones | C7: 1 | D7: 15 | E7: 8 | F7: =IF(OR(C7="",D7="",E7=""),"",C7*D7*E7) -> 120 | G7: 1 | H7: =IF(OR(C7="",D7="",G7=""),"",C7*D7*G7) -> 15 | K7: Potencia pico DC | L7: =SUMIF($A$4:$A$23,"DC",$H$4:$H$23) -> 0 | M7: W
A8: AC | B8: Bomba de agua | C8: 1 | D8: 250 | E8: 1.5 | F8: =IF(OR(C8="",D8="",E8=""),"",C8*D8*E8) -> 375 | G8: 1 | H8: =IF(OR(C8="",D8="",G8=""),"",C8*D8*G8) -> 250 | K8: Potencia pico AC | L8: =SUMIF($A$4:$A$23,"AC",$H$4:$H$23) -> 692 | M8: W
A9: AC | B9: Refrigerador eficiente | C9: 1 | D9: 120 | E9: 8 | F9: =IF(OR(C9="",D9="",E9=""),"",C9*D9*E9) -> 960 | G9: 1 | H9: =IF(OR(C9="",D9="",G9=""),"",C9*D9*G9) -> 120 | K9: Consumo útil total | L9: =L5+L6 -> 2625 | M9: Wh/día
A10: AC | B10: Carga de teléfonos | C10: 5 | D10: 10 | E10: 2 | F10: =IF(OR(C10="",D10="",E10=""),"",C10*D10*E10) -> 100 | G10: 0.5 | H10: =IF(OR(C10="",D10="",G10=""),"",C10*D10*G10) -> 25
A11: AC | B11: Aire acondicionado | D11: 1000 | E11: 4 | F11: =IF(OR(C11="",D11="",E11=""),"",C11*D11*E11) | G11: 1 | H11: =IF(OR(C11="",D11="",G11=""),"",C11*D11*G11)
F12: =IF(OR(C12="",D12="",E12=""),"",C12*D12*E12) | H12: =IF(OR(C12="",D12="",G12=""),"",C12*D12*G12)
F13: =IF(OR(C13="",D13="",E13=""),"",C13*D13*E13) | H13: =IF(OR(C13="",D13="",G13=""),"",C13*D13*G13)
F14: =IF(OR(C14="",D14="",E14=""),"",C14*D14*E14) | H14: =IF(OR(C14="",D14="",G14=""),"",C14*D14*G14)
F15: =IF(OR(C15="",D15="",E15=""),"",C15*D15*E15) | H15: =IF(OR(C15="",D15="",G15=""),"",C15*D15*G15)
F16: =IF(OR(C16="",D16="",E16=""),"",C16*D16*E16) | H16: =IF(OR(C16="",D16="",G16=""),"",C16*D16*G16)
F17: =IF(OR(C17="",D17="",E17=""),"",C17*D17*E17) | H17: =IF(OR(C17="",D17="",G17=""),"",C17*D17*G17)
F18: =IF(OR(C18="",D18="",E18=""),"",C18*D18*E18) | H18: =IF(OR(C18="",D18="",G18=""),"",C18*D18*G18)
F19: =IF(OR(C19="",D19="",E19=""),"",C19*D19*E19) | H19: =IF(OR(C19="",D19="",G19=""),"",C19*D19*G19)
F20: =IF(OR(C20="",D20="",E20=""),"",C20*D20*E20) | H20: =IF(OR(C20="",D20="",G20=""),"",C20*D20*G20)
F21: =IF(OR(C21="",D21="",E21=""),"",C21*D21*E21) | H21: =IF(OR(C21="",D21="",G21=""),"",C21*D21*G21)
F22: =IF(OR(C22="",D22="",E22=""),"",C22*D22*E22) | H22: =IF(OR(C22="",D22="",G22=""),"",C22*D22*G22)
F23: =IF(OR(C23="",D23="",E23=""),"",C23*D23*E23) | H23: =IF(OR(C23="",D23="",G23=""),"",C23*D23*G23)

Sheet Consumo
A1: CONSUMO ELÉCTRICO DEL USUARIO
A3: Mes | B3: Consumo (kWh) | C3: Demanda pico (kW) | D3: Observación | F3: RESUMEN
A4: Enero | B4: 1450 | C4: 7350 | F4: Indicador | G4: Valor | H4: Unidad
A5: Febrero | B5: 1320 | C5: 7350 | F5: Consumo anual | G5: =SUM(B4:B15) -> 17530 | H5: kWh/año
A6: Marzo | B6: 1380 | C6: 7350 | F6: Consumo promedio mensual | G6: =+B11 -> 1600 | H6: kWh/mes
A7: Abril | B7: 1400 | C7: 7350 | F7: Consumo diario promedio | G7: =G6/30 -> 53.333333 | H7: kWh/día
A8: Mayo | B8: 1420 | C8: 7350 | F8: Energía objetivo anual | G8: =G5*Inputs!$B$9 -> 17530 | H8: kWh/año
A9: Junio | B9: 1500 | C9: 7350 | F9: Energía objetivo diaria | G9: =G8/365 -> 48.027397 | H9: kWh/día
A10: Julio | B10: 1550 | C10: 7350
A11: Agosto | B11: 1600 | C11: 7350
A12: Septiembre | B12: 1520 | C12: 7350
A13: Octubre | B13: 1490 | C13: 7350
A14: Noviembre | B14: 1460 | C14: 7350
A15: Diciembre | B15: 1440 | C15: 7350

Sheet Calculos
A1: CÁLCULOS AUTOMÁTICOS DEL SISTEMA ON-GRID
A3: Paso | B3: Variable | C3: Fórmula / criterio | D3: Resultado | E3: Unidad | G3: VERIFICACIONES
A4: 1 | B4: Potencia FV requerida | C4: E_obj,d / (HSP·PR) | D4: =Consumo!G9/(MIN(Recurso!B4:B15)*Inputs!$B$10) -> 11.327216 | E4: kW | G4: Verificación | H4: Criterio | I4: Resultado | J4: Estado
A5: 2 | B5: Potencia FV requerida usando HSP promedio | C5: E_obj,d / (HSP_prom·PR) | D5: =Consumo!G9/(AVERAGE(Recurso!B4:B15)*Inputs!$B$10) -> 10.516948 | E5: kW | G5: Voc string vs Vdc max | H5: D15 <= Inputs!G15 | I5: =D15<=Inputs!$G$15 -> TRUE | J5: =IF(I5,"Cumple","No cumple") -> Cumple
A6: 3 | B6: Potencia módulo | C6: Dato de entrada | D6: =Inputs!$G$5/1000 -> 0.63 | E6: kW | G6: Vmpp string dentro MPPT | H6: AND(D16>=Inputs!G13,D16<=Inputs!G14) | I6: =AND(D16>=Inputs!$G$13,D16<=Inputs!$G$14) -> TRUE | J6: =IF(I6,"Cumple","No cumple") -> Cumple
A7: 4 | B7: Módulos teóricos | C7: P_FV/P_mod | D7: =D4/D6 -> 17.979708 | E7: mód | G7: Ns adoptado ≤ máximo | H7: D9 <= D17 | I7: =D9<=D17 -> TRUE | J7: =IF(I7,"Cumple","No cumple") -> Cumple
A8: 5 | B8: Módulos totales adoptados | C8: Redondeo superior | D8: =ROUNDUP(D7,0) -> 18 | E8: mód | G8: Ns adoptado ≥ mínimo | H8: D9 >= D18 | I8: =D9>=D18 -> TRUE | J8: =IF(I8,"Cumple","No cumple") -> Cumple
A9: 6 | B9: Módulos en serie adoptados | C9: Dato de entrada | D9: =Inputs!$G$21 -> 9 | E9: mód | G9: Corriente por MPPT admisible | H9: D21 <= Inputs!G17 | I9: =D21<=Inputs!$G$17 -> TRUE | J9: =IF(I9,"Cumple","No cumple") -> Cumple
A10: 7 | B10: Strings en paralelo | C10: Redondeo superior | D10: =ROUNDUP(D8/D9,0) -> 2 | E10: strings | G10: Relación DC/AC razonable | H10: AND(D23>=1.0,D23<=1.3) | I10: =AND(D23>=1,D23<=1.3) -> TRUE | J10: =IF(I10,"Cumple","Revisar") -> Cumple
A11: 8 | B11: Módulos instalados reales | C11: Ns*Np | D11: =D9*D10 -> 18 | E11: mód
A12: 9 | B12: Potencia DC instalada | C12: Mód_inst*Pmod | D12: =D11*Inputs!$G$5/1000 -> 11.34 | E12: kWp
A13: 10 | B13: Voc módulo a Tmin | C13: Voc*[1+βVoc(25-Tmin)] | D13: =Inputs!$G$7*(1+Inputs!$G$10*(25-Inputs!$B$11)) -> 51.55816 | E13: V
A14: 11 | B14: Vmpp módulo a Tmax | C14: Vmpp*[1-βVmpp(Tmax-25)] | D14: =Inputs!$G$6*(1-Inputs!$G$11*(Inputs!$B$12-25)) -> 38.5588 | E14: V
A15: 12 | B15: Voc del string a Tmin | C15: Voc_Tmin*Ns | D15: =D13*D9 -> 464.02344 | E15: V
A16: 13 | B16: Vmpp del string a Tmax | C16: Vmpp_Tmax*Ns | D16: =D14*D9 -> 347.0292 | E16: V
A17: 14 | B17: Máx. módulos en serie por Voc | C17: FLOOR(Vdcmax/Voc_Tmin) | D17: =ROUNDDOWN(Inputs!$G$15/D13,0) -> 15 | E17: mód
A18: 15 | B18: Mín. módulos en serie por MPPT | C18: CEILING(Vmppt_min/Vmpp_Tmax) | D18: =ROUNDUP(Inputs!$G$13/D14,0) -> 6 | E18: mód
A19: 16 | B19: Corriente string Isc | C19: Isc módulo | D19: =Inputs!$G$9 -> 16.2 | E19: A
A20: 17 | B20: Corriente total DC (strings) | C20: Isc*Np | D20: =D19*D10 -> 32.4 | E20: A
A21: 18 | B21: Corriente por MPPT | C21: Si strings repartidos en MPPT | D21: =IF(Inputs!$G$16>0,D20/Inputs!$G$16,D20) -> 8.1 | E21: A
A22: 19 | B22: Corriente AC del inversor | C22: P/(V*fp) | D22: =Inputs!$G$12*1000/(Inputs!$B$7*Inputs!$B$8) -> 45.454545 | E22: A
A23: 20 | B23: Relación DC/AC | C23: Pdc/Pac | D23: =D12/Inputs!$G$12 -> 1.134 | E23: -

Sheet Recurso
A1: RECURSO SOLAR
A3: Mes | B3: HSP (h/día) | C3: Fuente / observación | E3: RESUMEN
A4: Enero | B4: 5.3 | C4: Editable | E4: Indicador | F4: Valor | G4: Unidad
A5: Febrero | B5: 5.4 | C5: Editable | E5: HSP mínima | F5: =MIN(B4:B15) -> 5.3 | G5: h/día
A6: Marzo | B6: 5.6 | C6: Editable | E6: HSP promedio | F6: =AVERAGE(B4:B15) -> 5.7083333 | G6: h/día
A7: Abril | B7: 5.8 | C7: Editable | E7: HSP máxima | F7: =MAX(B4:B15) -> 6.1 | G7: h/día
A8: Mayo | B8: 5.9 | C8: Editable
A9: Junio | B9: 6 | C9: Editable
A10: Julio | B10: 6.1 | C10: Editable
A11: Agosto | B11: 6 | C11: Editable
A12: Septiembre | B12: 5.8 | C12: Editable
A13: Octubre | B13: 5.7 | C13: Editable
A14: Noviembre | B14: 5.5 | C14: Editable
A15: Diciembre | B15: 5.4 | C15: Editable

Sheet Protecciones
A1: PROTECCIONES DC / AC Y SPD
A3: Elemento | B3: Fórmula / criterio | C3: Resultado | D3: Unidad | E3: Selección | F3: Observación | H3: TABLA DIDÁCTICA IEC / NEC
A4: Fusible / breaker por string DC | B4: 1.25 * Isc string | C4: =Inputs!$B$17*Calculos!D19 -> 0.324 | D4: A | F4: IEC/NEC | H4: Protección | I4: Lado | J4: Referencia | K4: Nota
A5: Breaker DC general | B5: 1.25 * I total DC | C5: =Inputs!$B$17*Calculos!D20 -> 0.648 | D5: A | F5: IEC/NEC | H5: Fusibles string | I5: DC | J5: IEC 62548 / NEC 690 | K5: Sobrecorriente
A6: Seccionador DC | B6: Corriente nominal >= I total DC | C6: =Calculos!D20 -> 32.4 | D6: A | F6: Bajo carga | H6: Seccionador DC | I6: DC | J6: IEC 60947-3 | K6: Aislamiento bajo carga
A7: SPD DC Uc recomendado | B7: 1.2 * Voc string Tmin | C7: =Inputs!$B$19*Calculos!D15 -> 580.0293 | D7: V | F7: Tipo II | H7: SPD tipo II | I7: DC | J7: IEC 61643 | K7: Sobretensiones
A8: Breaker AC salida inversor | B8: 1.25 * Iac | C8: =Inputs!$B$18*Calculos!D22 -> 1.3636364 | D8: A | F8: IEC/NEC | H8: Breaker AC | I8: AC | J8: IEC 60898 / NEC | K8: Sobrecorriente
A9: Seccionador AC | B9: Corriente nominal >= Iac | C9: =Calculos!D22 -> 45.454545 | D9: A | F9: Aislación | H9: RCD / diferencial | I9: AC | J9: IEC 61008/61009 | K9: Protección personas
A10: Interruptor diferencial | B10: Según esquema de red / fabricante | D10: - | F10: Verificar proyecto | H10: SPD tipo II | I10: AC | J10: IEC 61643 | K10: Sobretensiones
A11: SPD AC Uc recomendado | B11: 1.1 * Vac | C11: =Inputs!$B$20*Inputs!$B$7 -> 275 | D11: V | F11: Tipo II

Sheet Conductores
A1: DIMENSIONAMIENTO PRELIMINAR DE CONDUCTORES
A3: Tramo | B3: Longitud ida (m) | C3: Corriente (A) | D3: Voltaje (V) | E3: ΔV adm. (%) | F3: Sección calc. (mm²) | G3: Sección adoptada
A4: String FV → caja combinadora | B4: 15 | C4: =Calculos!D19 -> 16.2 | D4: =Calculos!D16 -> 347.0292 | E4: =Inputs!$B$17 -> 0.02 | F4: =IFERROR((2*B4*C4)/(56*(D4*E4)),"") -> 1.2504094
A5: Caja combinadora → inversor | B5: 20 | C5: =Calculos!D20 -> 32.4 | D5: =Calculos!D16 -> 347.0292 | E5: =Inputs!$B$17 -> 0.02 | F5: =IFERROR((2*B5*C5)/(56*(D5*E5)),"") -> 3.334425
A6: Inversor → tablero AC | B6: 25 | C6: =Calculos!D22 -> 45.454545 | D6: =Inputs!$B$7 -> 220 | E6: =Inputs!$B$18 -> 0.03 | F6: =IFERROR((2*B6*C6)/(56*(D6*E6)),"") -> 6.1491539
A7: Tablero AC → punto conexión | B7: 20 | C7: =Calculos!D22 -> 45.454545 | D7: =Inputs!$B$7 -> 220 | E7: =Inputs!$B$18 -> 0.03 | F7: =IFERROR((2*B7*C7)/(56*(D7*E7)),"") -> 4.9193231
A10: Nota: cálculo preliminar con conductor de cobre y caída de tensión. La selección final debe verificarse por ampacidad, método de instalación, temperatura ambiente, agrupamiento y normativa local.

Sheet Resumen
B2: RESUMEN EJECUTIVO DEL SISTEMA ON-GRID
B4: Indicador | C4: Valor | D4: Unidad | E4: Comentario
B5: Consumo anual | C5: =Consumo!G5 -> 17530 | D5: kWh/año | E5: Demanda histórica
B6: Consumo promedio diario | C6: =Consumo!G7 -> 53.333333 | D6: kWh/día | E6: Base del diseño
B7: Energía objetivo diaria | C7: =Consumo!G9 -> 48.027397 | D7: kWh/día | E7: Con % de compensación
B8: Potencia FV requerida | C8: =Calculos!D4 -> 11.327216 | D8: kW | E8: Usando HSP mínima
B9: Módulos totales adoptados | C9: =Calculos!D8 -> 18 | D9: unid | E9: Redondeo superior
B10: Módulos en serie | C10: =Calculos!D9 -> 9 | D10: unid | E10: Arreglo adoptado
B11: Strings en paralelo | C11: =Calculos!D10 -> 2 | D11: unid | E11: Arreglo adoptado
B12: Potencia DC instalada | C12: =Calculos!D12 -> 11.34 | D12: kWp | E12: Generador real
B13: Potencia inversor AC | C13: =Inputs!$G$12 -> 10 | D13: kW | E13: Equipo
B14: Relación DC/AC | C14: =Calculos!D23 -> 1.134 | D14: - | E14: Objetivo 1.0–1.3
B15: Voc string a Tmin | C15: =Calculos!D15 -> 464.02344 | D15: V | E15: Verificación térmica
B16: Vmpp string a Tmax | C16: =Calculos!D16 -> 347.0292 | D16: V | E16: Ventana MPPT
B17: Corriente por MPPT | C17: =Calculos!D21 -> 8.1 | D17: A | E17: Verificación inversor
B18: SPD DC Uc recomendado | C18: =Protecciones!C7 -> 580.0293 | D18: V | E18: Selección preliminar
B19: Breaker AC recomendado | C19: =Protecciones!C8 -> 1.3636364 | D19: A | E19: Selección preliminar
B22: Estado global: • Revise la hoja Cálculos para las verificaciones térmicas y eléctricas. • Si algún criterio no cumple, ajuste módulos en serie, potencia del inversor o características del equipo. • Las protecciones y conductores deben validarse normativamente para proyecto real.
